video,kind,visual_chip_count,frames,calibration_holdout_px,v35_default_status,v35_default_count,v35_default_participants,v35_default_geometry_status,v35_default_observation_rows,v35_default_observed_fraction_all_target_frames,v35_default_physical_velocity_rows,v35_default_angular_velocity_rows,v35_default_event_candidates,v35_default_review_frame_count,v35_default_blur_review_rows,v35_default_grid_mm,v35_default_error,v4_calibrated_status,v4_calibrated_count,v4_calibrated_participants,v4_calibrated_geometry_status,v4_calibrated_observation_rows,v4_calibrated_observed_fraction_all_target_frames,v4_calibrated_physical_velocity_rows,v4_calibrated_angular_velocity_rows,v4_calibrated_event_candidates,v4_calibrated_review_frame_count,v4_calibrated_blur_review_rows,v4_calibrated_grid_mm,v4_calibrated_error
20260928_200058.mp4,calibration,,5846,0.3457467197808651,,,,,,,,,,,,,,,,,,,,,,,,,,
20260928_200131.mp4,experiment,2,383,,complete,2,"chip_1,chip_2",provisional,494,0.6449086161879896,459,433,1,335,51,0.4842509501467193,,complete,2,"chip_1,chip_2",provisional,479,0.6253263707571801,418,418,1,340,35,0.45135779428035555,
20260928_200141.mp4,experiment,2,327,,complete,2,"chip_1,chip_2",pending,628,0.9602446483180428,0,604,1,123,29,,,complete,2,"chip_1,chip_2",provisional,636,0.9724770642201835,558,558,1,74,28,0.5318738956378526,
20260928_200214.mp4,experiment,2,249,,complete,2,"chip_1,chip_2",provisional,468,0.9397590361445783,456,456,1,45,11,0.6636556565322896,,complete,2,"chip_1,chip_2",provisional,468,0.9397590361445783,437,437,1,47,13,0.685397925938329,
20260928_200221.mp4,experiment,2,348,,complete,2,"chip_1,chip_2",provisional,427,0.6135057471264368,400,395,1,289,17,0.6189987595406842,,complete,2,"chip_1,chip_2",provisional,428,0.6149425287356322,387,387,1,290,17,0.4302235684141629,
20260928_200228.mp4,experiment,2,253,,complete,2,"chip_1,chip_2",provisional,505,0.9980237154150198,491,481,1,19,16,0.6181139057626707,,complete,2,"chip_1,chip_2",provisional,505,0.9980237154150198,472,472,1,19,16,0.5051467999736453,
20260928_200234.mp4,experiment,2,245,,complete,2,"chip_1,chip_2",provisional,473,0.9653061224489796,462,462,1,37,10,0.4975676270940769,,complete,2,"chip_1,chip_2",provisional,473,0.9653061224489796,449,449,1,37,10,0.5065298894955025,
20260928_200240.mp4,experiment,2,411,,complete,2,"chip_1,chip_2",provisional,499,0.6070559610705596,477,477,1,353,20,0.4470212212960428,,complete,2,"chip_1,chip_2",provisional,499,0.6070559610705596,454,454,1,353,20,0.5201846995064529,
20260928_200247.mp4,experiment,2,327,,complete,2,"chip_1,chip_2",provisional,651,0.9954128440366973,639,627,1,40,36,0.6325951289037003,,complete,2,"chip_1,chip_2",provisional,651,0.9954128440366973,584,584,1,41,37,0.5264675418311922,
20260928_200256.mp4,experiment,2,503,,complete,2,"chip_1,chip_2",provisional,987,0.9811133200795229,964,933,1,87,58,0.539570250937155,,complete,2,"chip_1,chip_2",provisional,999,0.9930417495029821,941,941,1,50,25,0.21586782343929353,
20260928_200419.mp4,experiment,2,181,,complete,2,"chip_1,chip_2",provisional,344,0.9502762430939227,332,320,1,35,17,0.5011742113301969,,complete,2,"chip_1,chip_2",provisional,342,0.9447513812154696,314,314,1,36,15,0.28353813452890436,
20260928_203026.mp4,calibration,,4235,0.4238392453856302,,,,,,,,,,,,,,,,,,,,,,,,,,
20260928_203122.mp4,experiment,1,566,,complete,1,chip_1,pending,130,0.22968197879858657,0,66,0,513,41,,,complete,1,chip_1,provisional,149,0.26325088339222613,110,45,0,490,24,0.499092331594717,
20260928_203132.mp4,experiment,1,652,,failed,1,chip_1,pending,0,0.0,0,0,0,652,0,,위치를 한 번도 찾지 못했습니다. 개수·영상 반지름 범위·조명을 확인하세요. 빈 데이터를 성공으로 처리하지 않습니다.,complete,1,chip_1,provisional,50,0.07668711656441718,5,5,0,645,35,0.528440007462178,
20260928_203143.mp4,experiment,1,412,,complete,1,chip_1,pending,381,0.9247572815533981,0,228,0,332,103,,,complete,1,chip_1,provisional,398,0.9660194174757282,136,136,0,293,55,0.6097960310023327,
20260928_203149.mp4,experiment,1,529,,complete,1,chip_1,pending,220,0.4158790170132325,0,206,0,392,19,,,complete,1,chip_1,provisional,234,0.44234404536862004,208,208,0,391,14,0.5071555289825569,
20260928_203208.mp4,experiment,1,345,,complete,1,chip_1,pending,337,0.9768115942028985,0,240,0,69,22,,,complete,1,chip_1,provisional,342,0.991304347826087,320,242,0,46,14,0.704945922153828,
20260928_203218.mp4,experiment,1,257,,complete,1,chip_1,pending,253,0.9844357976653697,0,209,0,35,17,,,complete,1,chip_1,provisional,256,0.9961089494163424,218,196,0,36,18,0.4174926622636088,
20260928_203226.mp4,experiment,1,357,,complete,1,chip_1,provisional,55,0.15406162464985995,49,49,0,335,18,0.4898072260890253,,complete,1,chip_1,provisional,55,0.15406162464985995,30,30,0,335,18,0.5910541997262821,
20260928_203246.mp4,experiment,1,419,,complete,1,chip_1,provisional,418,0.9976133651551312,418,275,0,116,6,0.5764282217459883,,complete,1,chip_1,provisional,419,1.0,410,275,0,118,6,0.6384897223221963,
20260928_203256.mp4,experiment,1,385,,complete,1,chip_1,pending,275,0.7142857142857143,0,107,0,304,115,,,complete,1,chip_1,provisional,220,0.5714285714285714,140,88,0,263,40,0.4851160131070891,
20260928_203301.mp4,experiment,1,358,,complete,1,chip_1,provisional,202,0.5642458100558659,194,153,0,296,93,0.5205424283830773,,complete,1,chip_1,provisional,181,0.505586592178771,24,24,0,297,78,0.45514262962821717,
20260928_203310.mp4,experiment,1,375,,complete,1,chip_1,provisional,371,0.9893333333333333,371,237,0,91,82,0.8007061924210974,,complete,1,chip_1,provisional,369,0.984,224,211,0,93,81,0.5032209638829793,
20260928_203317.mp4,experiment,1,395,,complete,1,chip_1,provisional,387,0.979746835443038,387,253,0,73,50,0.3783131527144754,,complete,1,chip_1,provisional,387,0.979746835443038,285,236,0,73,50,0.42117329033554324,
20260928_203323.mp4,experiment,1,666,,complete,1,chip_1,provisional,91,0.13663663663663664,74,74,0,613,21,0.4534876245264803,,complete,1,chip_1,provisional,92,0.13813813813813813,48,48,0,611,18,0.4862502065252758,
20260928_203333.mp4,experiment,1,385,,complete,1,chip_1,provisional,264,0.6857142857142857,196,185,0,203,37,0.5335053701366497,,complete,1,chip_1,provisional,267,0.6935064935064935,179,179,0,203,36,0.44585874097044564,
20260928_203342.mp4,experiment,1,345,,complete,1,chip_1,provisional,209,0.6057971014492753,193,181,0,157,20,0.586112184392925,,complete,1,chip_1,provisional,208,0.6028985507246377,185,185,0,157,19,0.40973283183971404,
20260928_203353.mp4,experiment,1,396,,complete,1,chip_1,provisional,220,0.5555555555555556,213,202,0,197,14,0.5067962672884488,,complete,1,chip_1,provisional,220,0.5555555555555556,192,192,0,197,14,0.43882915039475534,
20260928_203359.mp4,experiment,1,413,,complete,1,chip_1,provisional,233,0.5641646489104116,68,68,0,376,128,0.4652647754146934,,complete,1,chip_1,provisional,223,0.5399515738498789,32,32,0,377,119,0.4778791479250717,
20260928_203408.mp4,experiment,1,805,,complete,1,chip_1,provisional,795,0.9875776397515528,430,430,0,398,83,0.5347973757540375,,complete,1,chip_1,provisional,803,0.9975155279503105,404,404,0,394,61,0.3393541182181703,
20260928_203502.mp4,experiment,2,298,,complete,2,"chip_1,chip_2",pending,542,0.9093959731543624,0,522,1,64,6,,,complete,2,"chip_1,chip_2",provisional,543,0.9110738255033557,511,511,1,105,6,0.7062064730609982,
20260928_203542.mp4,experiment,2,317,,publication_failed,2,"chip_1,chip_2",pending,519,0.8186119873817035,0,499,1,135,8,,sqlite3.DatabaseError: database disk image is malformed,complete,2,"chip_1,chip_2",provisional,524,0.8264984227129337,499,499,1,158,10,0.5670532478237793,
20260928_203558.mp4,experiment,2,315,,publication_failed,1,chip_1,pending,246,0.780952380952381,0,207,0,189,18,,sqlite3.DatabaseError: database disk image is malformed,complete,2,"chip_1,chip_2",provisional,408,0.6476190476190476,343,343,1,272,32,0.39511055569040415,
20260928_203634.mp4,experiment,2,397,,complete,2,"chip_1,chip_2",pending,783,0.9861460957178841,0,740,1,197,18,,,complete,2,"chip_1,chip_2",provisional,787,0.9911838790931989,733,733,1,192,18,0.6600680214437707,
20260928_203640.mp4,experiment,2,306,,complete,2,"chip_1,chip_2",pending,607,0.9918300653594772,0,378,2,248,19,,,complete,2,"chip_1,chip_2",provisional,494,0.8071895424836601,413,357,1,268,33,0.5132646608437699,
20260928_203703.mp4,experiment,2,353,,complete,2,"chip_1,chip_2",pending,447,0.6331444759206799,0,417,1,308,23,,,complete,2,"chip_1,chip_2",provisional,531,0.7521246458923513,485,485,1,283,21,0.4935925545503964,
20260928_203717.mp4,experiment,2,300,,complete,2,"chip_1,chip_2",pending,599,0.9983333333333333,0,568,1,82,17,,,complete,2,"chip_1,chip_2",provisional,598,0.9966666666666667,544,544,1,149,23,0.5085977013384892,
20260928_203723.mp4,experiment,2,416,,complete,2,"chip_1,chip_2",pending,809,0.9723557692307693,0,716,1,197,33,,,complete,2,"chip_1,chip_2",provisional,783,0.9411057692307693,693,693,1,251,25,0.47271921887954055,
20260928_203744.mp4,experiment,2,529,,complete,2,"chip_1,chip_2",pending,1041,0.9839319470699432,0,774,2,269,27,,,complete,2,"chip_1,chip_2",provisional,1014,0.9584120982986768,911,745,1,331,32,0.5160593853494183,
20260928_203801.mp4,experiment,2,454,,publication_failed,2,"chip_1,chip_2",pending,702,0.7731277533039648,0,675,1,246,14,,sqlite3.DatabaseError: database disk image is malformed,complete,2,"chip_1,chip_2",provisional,704,0.775330396475771,670,670,1,342,17,0.8590427377159151,
20260928_203825.mp4,experiment,2,885,,complete,1,chip_1,pending,71,0.08022598870056497,0,60,0,885,27,,,complete,2,"chip_1,chip_2",provisional,1068,0.6033898305084746,981,915,1,794,26,0.5305236909064893,
20260928_203834.mp4,experiment,2,409,,complete,1,chip_1,pending,86,0.21026894865525672,0,65,0,409,25,,,complete,2,"chip_1,chip_2",provisional,579,0.7078239608801956,446,427,1,309,41,0.5321593620185098,
20260928_203902.mp4,experiment,2,438,,complete,2,"chip_1,chip_2",pending,646,0.7374429223744292,0,626,2,294,23,,,complete,2,"chip_1,chip_2",provisional,647,0.7385844748858448,616,616,1,318,12,0.4885174836053316,
20260928_203909.mp4,experiment,2,449,,complete,2,"chip_1,chip_2",pending,635,0.7071269487750557,0,622,0,309,26,,,complete,2,"chip_1,chip_2",provisional,626,0.6971046770601337,566,566,1,330,24,0.591174912639521,
20260928_203916.mp4,experiment,2,446,,complete,2,"chip_1,chip_2",pending,726,0.8139013452914798,0,701,2,204,23,,,complete,2,"chip_1,chip_2",provisional,737,0.8262331838565022,648,648,1,239,51,0.5107847444152932,
20260928_204041.mp4,experiment,3,599,,complete,3,"chip_1,chip_2,chip_3",pending,1283,0.7139677239844184,0,1229,3,557,25,,,complete,3,"chip_1,chip_2,chip_3",provisional,1478,0.8224819143016138,1277,1216,2,500,136,0.44463808224194123,
20260928_204052.mp4,experiment,3,443,,complete,3,"chip_1,chip_2,chip_3",provisional,1291,0.9714070729872084,1261,1055,2,139,55,0.46307609783894077,,complete,3,"chip_1,chip_2,chip_3",provisional,1291,0.9714070729872084,1167,1032,2,129,55,0.25036878514395217,
20260928_204111.mp4,experiment,3,455,,complete,3,"chip_1,chip_2,chip_3",provisional,1357,0.9941391941391942,1341,1130,1,96,75,0.41318625067621173,,complete,3,"chip_1,chip_2,chip_3",provisional,1356,0.9934065934065934,1202,1121,1,95,74,0.25830738521499164,
20260928_204117.mp4,experiment,3,597,,complete,3,"chip_1,chip_2,chip_3",provisional,1568,0.8754885538805137,1507,1408,1,377,66,0.42308033538144485,,complete,3,"chip_1,chip_2,chip_3",provisional,1565,0.8738135120044668,1424,1406,1,369,63,0.33077004657384573,
20260928_204126.mp4,experiment,3,466,,complete,2,"chip_1,chip_2",provisional,716,0.7682403433476395,665,659,1,327,42,0.657631689719314,,complete,3,"chip_1,chip_2,chip_3",provisional,1008,0.721030042918455,947,947,2,436,42,0.3249559845704431,
20260928_204134.mp4,experiment,3,551,,complete,3,"chip_1,chip_2,chip_3",provisional,1645,0.9951603145795523,1611,1355,3,196,138,0.6033517558730463,,complete,3,"chip_1,chip_2,chip_3",provisional,1645,0.9951603145795523,1372,1128,3,197,139,0.48620988799016995,
